{
  "committee": "kukbang",
  "meeting_id": 52737,
  "repeat": 10,
  "avg_precision": 0.44833333333333336,
  "avg_recall": 0.4,
  "avg_f1": 0.41969696969696973,
  "variance_f1": 0.13323385368839916,
  "stdev_f1": 0.36501212813877726,
  "best_f1": 1.0,
  "best_runs": [
    1,
    9
  ],
  "best_rate": 0.2,
  "fail_rate": 0.7,
  "stability": 0.6349878718612227,
  "f1_scores": [
    1.0,
    0.1818181818181818,
    0.2,
    0.2,
    0.2,
    0.2,
    0.2,
    0.8333333333333334,
    1.0,
    0.1818181818181818
  ]
}