{
  "committee": "yeoseong",
  "meeting_id": 52716,
  "repeat": 10,
  "avg_precision": 0.9833333333333334,
  "avg_recall": 1.0,
  "avg_f1": 0.9909090909090909,
  "variance_f1": 0.0008264462809917361,
  "stdev_f1": 0.02874797872880346,
  "best_f1": 1.0,
  "best_runs": [
    1,
    3,
    4,
    5,
    6,
    7,
    8,
    9,
    10
  ],
  "best_rate": 0.9,
  "fail_rate": 0.0,
  "stability": 0.9712520212711966,
  "f1_scores": [
    1.0,
    0.9090909090909091,
    1.0,
    1.0,
    1.0,
    1.0,
    1.0,
    1.0,
    1.0,
    1.0
  ]
}