{
  "committee": "gwahak",
  "meeting_id": 51007,
  "repeat": 10,
  "avg_precision": 0.9192640692640692,
  "avg_recall": 0.9136363636363637,
  "avg_f1": 0.916384778012685,
  "variance_f1": 0.02719471870978827,
  "stdev_f1": 0.16490821298464267,
  "best_f1": 1.0,
  "best_runs": [
    1,
    2,
    3,
    4,
    6,
    7,
    9
  ],
  "best_rate": 0.7,
  "fail_rate": 0.0,
  "stability": 0.8350917870153574,
  "f1_scores": [
    1.0,
    1.0,
    1.0,
    1.0,
    0.6046511627906977,
    1.0,
    1.0,
    0.6046511627906977,
    1.0,
    0.9545454545454546
  ]
}