{
  "committee": "hwanno",
  "meeting_id": 51889,
  "repeat": 10,
  "avg_precision": 0.8666666666666666,
  "avg_recall": 0.8400000000000001,
  "avg_f1": 0.85,
  "variance_f1": 0.11388888888888889,
  "stdev_f1": 0.3374742788552764,
  "best_f1": 1.0,
  "best_runs": [
    2,
    3,
    4,
    5,
    6,
    7,
    8,
    10
  ],
  "best_rate": 0.8,
  "fail_rate": 0.1,
  "stability": 0.6625257211447235,
  "f1_scores": [
    0.5,
    1.0,
    1.0,
    1.0,
    1.0,
    1.0,
    1.0,
    1.0,
    0,
    1.0
  ]
}