{
  "committee": "kukbang",
  "meeting_id": 52737,
  "repeat": 10,
  "avg_precision": 0.85,
  "avg_recall": 0.8166666666666667,
  "avg_f1": 0.8309090909090908,
  "variance_f1": 0.11137190082644628,
  "stdev_f1": 0.33372428863726156,
  "best_f1": 1.0,
  "best_runs": [
    1,
    2,
    4,
    5,
    7,
    9,
    10
  ],
  "best_rate": 0.7,
  "fail_rate": 0.2,
  "stability": 0.6662757113627384,
  "f1_scores": [
    1.0,
    1.0,
    0.2,
    1.0,
    1.0,
    0.2,
    1.0,
    0.9090909090909091,
    1.0,
    1.0
  ]
}