{
  "committee": "munche",
  "meeting_id": 52582,
  "repeat": 10,
  "avg_precision": 0.9875,
  "avg_recall": 1.0,
  "avg_f1": 0.9933333333333334,
  "variance_f1": 0.00044444444444444425,
  "stdev_f1": 0.02108185106778919,
  "best_f1": 1.0,
  "best_runs": [
    1,
    2,
    3,
    5,
    6,
    7,
    8,
    9,
    10
  ],
  "best_rate": 0.9,
  "fail_rate": 0.0,
  "stability": 0.9789181489322109,
  "f1_scores": [
    1.0,
    1.0,
    1.0,
    0.9333333333333333,
    1.0,
    1.0,
    1.0,
    1.0,
    1.0,
    1.0
  ]
}