{
  "committee": "gukto",
  "meeting_id": 51924,
  "repeat": 10,
  "avg_precision": 0.9625,
  "avg_recall": 0.9800000000000001,
  "avg_f1": 0.9709677419354839,
  "variance_f1": 0.0021852237252861615,
  "stdev_f1": 0.0467463766006111,
  "best_f1": 1.0,
  "best_runs": [
    2,
    4,
    5,
    6,
    7,
    8,
    9
  ],
  "best_rate": 0.7,
  "fail_rate": 0.0,
  "stability": 0.9532536233993889,
  "f1_scores": [
    0.9032258064516129,
    1.0,
    0.9032258064516129,
    1.0,
    1.0,
    1.0,
    1.0,
    1.0,
    1.0,
    0.9032258064516129
  ]
}