{
  "committee": "beopje",
  "meeting_id": 52742,
  "repeat": 10,
  "avg_precision": 0.8870760233918128,
  "avg_recall": 0.9166666666666666,
  "avg_f1": 0.9012723249565354,
  "variance_f1": 0.0129371772761007,
  "stdev_f1": 0.11374171299967616,
  "best_f1": 1.0,
  "best_runs": [
    1,
    2,
    7,
    9
  ],
  "best_rate": 0.4,
  "fail_rate": 0.0,
  "stability": 0.8862582870003238,
  "f1_scores": [
    1.0,
    1.0,
    0.7368421052631577,
    0.7368421052631577,
    0.9444444444444444,
    0.7567567567567567,
    1.0,
    0.918918918918919,
    1.0,
    0.918918918918919
  ]
}