{
  "committee": "oegyotongil",
  "meeting_id": 50597,
  "repeat": 10,
  "avg_precision": 0.98125,
  "avg_recall": 0.9235294117647058,
  "avg_f1": 0.9515151515151515,
  "variance_f1": 0.0008570554025099495,
  "stdev_f1": 0.02927550857816051,
  "best_f1": 0.9696969696969697,
  "best_runs": [
    1,
    2,
    5,
    7,
    8,
    9,
    10
  ],
  "best_rate": 0.7,
  "fail_rate": 0.0,
  "stability": 0.9707244914218395,
  "f1_scores": [
    0.9696969696969697,
    0.9696969696969697,
    0.9090909090909091,
    0.9090909090909091,
    0.9696969696969697,
    0.9090909090909091,
    0.9696969696969697,
    0.9696969696969697,
    0.9696969696969697,
    0.9696969696969697
  ]
}