{
  "committee": "bogeon",
  "meeting_id": 51574,
  "repeat": 10,
  "avg_precision": 0.8705128205128206,
  "avg_recall": 0.8692307692307694,
  "avg_f1": 0.8698461538461538,
  "variance_f1": 0.06352252465483235,
  "stdev_f1": 0.25203675258745967,
  "best_f1": 1.0,
  "best_runs": [
    1,
    9,
    10
  ],
  "best_rate": 0.3,
  "fail_rate": 0.1,
  "stability": 0.7479632474125404,
  "f1_scores": [
    1.0,
    0.9230769230769231,
    0.9230769230769231,
    0.9230769230769231,
    0.9230769230769231,
    0.9230769230769231,
    0.9230769230769231,
    0.16,
    1.0,
    1.0
  ]
}