{
  "committee": "haengjeong",
  "meeting_id": 52543,
  "repeat": 10,
  "avg_precision": 0.8673076923076923,
  "avg_recall": 0.875,
  "avg_f1": 0.8710000000000001,
  "variance_f1": 0.0439137037037037,
  "stdev_f1": 0.20955596795057804,
  "best_f1": 1.0,
  "best_runs": [
    2,
    3,
    4,
    5,
    9
  ],
  "best_rate": 0.5,
  "fail_rate": 0.2,
  "stability": 0.7904440320494219,
  "f1_scores": [
    0.48000000000000004,
    1.0,
    1.0,
    1.0,
    1.0,
    0.9166666666666666,
    0.9166666666666666,
    0.48000000000000004,
    1.0,
    0.9166666666666666
  ]
}