{
  "committee": "jeongmu",
  "meeting_id": 50825,
  "repeat": 10,
  "avg_precision": 0.7153846153846154,
  "avg_recall": 0.7,
  "avg_f1": 0.7071428571428571,
  "variance_f1": 0.15357142857142858,
  "stdev_f1": 0.3918819064098629,
  "best_f1": 1.0,
  "best_runs": [
    1,
    3,
    4,
    7,
    8,
    9
  ],
  "best_rate": 0.6,
  "fail_rate": 0.4,
  "stability": 0.6081180935901371,
  "f1_scores": [
    1.0,
    0.3571428571428571,
    1.0,
    1.0,
    0,
    0.3571428571428571,
    1.0,
    1.0,
    1.0,
    0.3571428571428571
  ]
}